{
    "openapi": "3.0.3",
    "info": {
        "title": "Order Service API",
        "description": "API that allows to perform CRUD operations for order information stored in a DB.",
        "contact": {
            "name": "Developer"
        },
        "license": {
            "name": "Demo"
        },
        "version": "1.0"
    },
    "servers": [
        {
            "url": "http://localhost:8080",
            "description": "Local URL"
        }
    ],
    "tags": [
        {
            "name": "order-api",
            "description": "Order API"
        }
    ],
    "paths": {
        "/api/v1/order": {
            "get": {
                "tags": [
                    "order-api"
                ],
                "summary": "Get Order List",
                "description": "This function retrieves all order from the Database.",
                "operationId": "findAllUsingGET",
                "responses": {
                    "200": {
                        "description": "OK",
                        "content": {
                            "*/*": {
                                "schema": {
                                    "type": "array",
                                    "items": {
                                        "$ref": "#/components/schemas/Order"
                                    }
                                }
                            }
                        }
                    }
                }
            },
            "post": {
                "tags": [
                    "order-api"
                ],
                "summary": "Create Order",
                "description": "This function creates a new order on the DB.",
                "operationId": "createUsingPOST",
                "requestBody": {
                    "content": {
                        "application/json": {
                            "schema": {
                                "$ref": "#/components/schemas/InputOrder"
                            }
                        }
                    }
                },
                "responses": {
                    "200": {
                        "description": "OK",
                        "content": {
                            "*/*": {
                                "schema": {
                                    "$ref": "#/components/schemas/Order"
                                }
                            }
                        }
                    }
                }
            },
            "delete": {
                "tags": [
                    "order-api"
                ],
                "summary": "Delete all Orders in DB",
                "description": "This function deletes all orders from the database.",
                "operationId": "deleteAllUsingDELETE",
                "responses": {
                    "200": {
                        "description": "OK",
                        "content": {
                            "*/*": {
                                "schema": {
                                    "$ref": "#/components/schemas/Order"
                                }
                            }
                        }
                    }
                }
            }
        },
        "/api/v1/order/{orderID}": {
            "get": {
                "tags": [
                    "order-api"
                ],
                "summary": "Read Order by ID",
                "description": "This function reads a single order from the database.",
                "operationId": "readUsingGET",
                "parameters": [
                    {
                        "name": "orderID",
                        "in": "path",
                        "description": "id of the order",
                        "required": true,
                        "style": "simple",
                        "schema": {
                            "type": "string"
                        }
                    }
                ],
                "responses": {
                    "200": {
                        "description": "OK",
                        "content": {
                            "*/*": {
                                "schema": {
                                    "$ref": "#/components/schemas/Order"
                                }
                            }
                        }
                    }
                }
            },
            "put": {
                "tags": [
                    "order-api"
                ],
                "summary": "Update Order",
                "description": "This function updates a order from on the database. This does not support delta updates.",
                "operationId": "upsertUsingPUT",
                "parameters": [
                    {
                        "name": "orderID",
                        "in": "path",
                        "description": "id",
                        "required": true,
                        "style": "simple",
                        "schema": {
                            "type": "string"
                        }
                    }
                ],
                "requestBody": {
                    "content": {
                        "application/json": {
                            "schema": {
                                "$ref": "#/components/schemas/InputOrder"
                            }
                        }
                    }
                },
                "responses": {
                    "200": {
                        "description": "OK",
                        "content": {
                            "*/*": {
                                "schema": {
                                    "$ref": "#/components/schemas/Order"
                                }
                            }
                        }
                    }
                }
            },
            "delete": {
                "tags": [
                    "order-api"
                ],
                "summary": "Delete Order by ID",
                "description": "This function deletes an order from the database.",
                "operationId": "deleteUsingDELETE",
                "parameters": [
                    {
                        "name": "orderID",
                        "in": "path",
                        "description": "id",
                        "required": true,
                        "style": "simple",
                        "schema": {
                            "type": "string"
                        }
                    }
                ],
                "responses": {
                    "200": {
                        "description": "OK",
                        "content": {
                            "*/*": {
                                "schema": {
                                    "$ref": "#/components/schemas/Order"
                                }
                            }
                        }
                    }
                }
            },
            "patch": {
                "tags": [
                    "order-api"
                ],
                "summary": "Update Order",
                "description": "This function updates an order from on the database. This does support delta updates.",
                "operationId": "deltaUpdateUsingPATCH",
                "parameters": [
                    {
                        "name": "orderID",
                        "in": "path",
                        "description": "id",
                        "required": true,
                        "style": "simple",
                        "schema": {
                            "type": "string"
                        }
                    }
                ],
                "requestBody": {
                    "content": {
                        "application/json": {
                            "schema": {
                                "$ref": "#/components/schemas/InputOrder"
                            }
                        }
                    }
                },
                "responses": {
                    "200": {
                        "description": "OK",
                        "content": {
                            "*/*": {
                                "schema": {
                                    "$ref": "#/components/schemas/Order"
                                }
                            }
                        }
                    }
                }
            }
        }
    },
    "components": {
        "schemas": {
            "InputOrder": {
                "title": "Input Order",
                "type": "object",
                "properties": {
                    "orderDate": {
                        "type": "string",
                        "description": "Date of Order Capture",
                        "example": "2021-07-17"
                    },
                    "soldToID": {
                        "type": "string",
                        "description": "Unique identifier of the person whom the order was sold to",
                        "example": "1060f9e4-be45-4516-bb71-5cd97c304254"
                    },
                    "billToID": {
                        "type": "string",
                        "description": "Unique identifier of the person whom the order is billed to",
                        "example": "1060f9e4-be45-4516-bb71-5cd97c304254"
                    },
                    "shipToID": {
                        "type": "string",
                        "description": "Unique identifier of the person whom the order is sold to",
                        "example": "1060f9e4-be45-4516-bb71-5cd97c304254"
                    },
                    "orderValue": {
                        "description": "Value of the Order incl. taxes",
                        "type": "number",
                        "example": 107.26
                    },
                    "taxValue": {
                        "description": "Total taxes of the Order",
                        "type": "number",
                        "example": 10.1
                    },
                    "currencyCode": {
                        "type": "string",
                        "description": "Order Currency",
                        "example": "CHF"
                    },
                    "items": {
                        "type": "array",
                        "items": {
                            "$ref": "#/components/schemas/OrderItem"
                        }
                    }
                }
            },
            "Order": {
                "title": "Order",
                "type": "object",
                "properties": {
                    "orderID": {
                        "type": "string",
                        "description": "Unique identifier",
                        "example": "1060f9e4-be45-4516-bb71-5cd97c304254"
                    },
                    "orderDate": {
                        "type": "string",
                        "description": "Date of Order Capture",
                        "example": "2021-07-17"
                    },
                    "soldTo": {
                        "description": "Person whom the order was sold to",
                        "$ref": "#/components/schemas/Person"
                    },
                    "billTo": {
                        "description": "Person whom the order will be billed to",
                        "$ref": "#/components/schemas/Person"
                    },
                    "shipTo": {
                        "description": "Person whom the order will be shipped to",
                        "$ref": "#/components/schemas/Person"
                    },
                    "orderValue": {
                        "description": "Value of the Order incl. taxes",
                        "type": "number",
                        "example": 107.26
                    },
                    "taxValue": {
                        "description": "Total taxes of the Order",
                        "type": "number",
                        "example": 10.1
                    },
                    "currencyCode": {
                        "type": "string",
                        "description": "Order Currency",
                        "example": "CHF"
                    },
                    "items": {
                        "type": "array",
                        "items": {
                            "$ref": "#/components/schemas/OrderItem"
                        }
                    }
                }
            },
            "OrderItem": {
                "title": "Order Item",
                "type": "object",
                "properties": {
                    "itemID": {
                        "type": "string",
                        "description": "Identifier of the order item",
                        "example": "0001"
                    },
                    "productID": {
                        "type": "string",
                        "description": "Identifier of the product",
                        "example": "100000101"
                    },
                    "quantity": {
                        "type": "number",
                        "description": "Quantity of the product",
                        "example": 5
                    },
                    "itemPrice": {
                        "type": "number",
                        "description": "Quantity of the product",
                        "example": 21.5
                    }
                }
            },
            "Person": {
                "title": "Person",
                "type": "object",
                "properties": {
                    "city": {
                        "type": "string",
                        "description": "City Name",
                        "example": "Berlin"
                    },
                    "country": {
                        "type": "string",
                        "description": "Name of the Country",
                        "example": "Germany"
                    },
                    "extensionFields": {
                        "type": "object",
                        "description": "Arbitrary json key value pairs"
                    },
                    "firstName": {
                        "type": "string",
                        "description": "First Name of the Person",
                        "example": "John"
                    },
                    "houseNumber": {
                        "type": "string",
                        "description": "House Number",
                        "example": "42"
                    },
                    "id": {
                        "type": "string",
                        "description": "Unique MongoDB identifier",
                        "example": "1060f9e4-be45-4516-bb71-5cd97c304254"
                    },
                    "lastName": {
                        "type": "string",
                        "description": "Last Name of the Person",
                        "example": "Doe"
                    },
                    "streetAddress": {
                        "type": "string",
                        "description": "Street name w/o house number",
                        "example": "Street"
                    },
                    "zip": {
                        "type": "string",
                        "description": "House Number",
                        "example": "10115"
                    }
                }
            }
        }
    }
}